Pool name,Sequence
positiveSel_Omicron_BA.1_oPool_fw_primers,TGTTTGTGTTCNNGGTGCTGCTGCC
positiveSel_Omicron_BA.1_oPool_rev_primers,GGCAGCAGCACCNNGAACACAAACA
positiveSel_Omicron_BA.1_oPool_fw_primers,TGCCACTGGTGNNGAGCCAGTGTGT
positiveSel_Omicron_BA.1_oPool_rev_primers,ACACACTGGCTCNNCACCAGTGGCA
positiveSel_Omicron_BA.1_oPool_fw_primers,CACTGGTGTCCNNGCAGTGTGTGAAC
positiveSel_Omicron_BA.1_oPool_rev_primers,GTTCACACACTGCNNGGACACCAGTG
positiveSel_Omicron_BA.1_oPool_fw_primers,CAGTGTGTGAACNNGACCACCAGGACC
positiveSel_Omicron_BA.1_oPool_rev_primers,GGTCCTGGTGGTCNNGTTCACACACTG
positiveSel_Omicron_BA.1_oPool_fw_primers,TGTGTGAACCTGNNGACCAGGACCCAA
positiveSel_Omicron_BA.1_oPool_rev_primers,TTGGGTCCTGGTCNNCAGGTTCACACA
positiveSel_Omicron_BA.1_oPool_fw_primers,ACCCAACTTCCTNNGGCCTACACCAACT
positiveSel_Omicron_BA.1_oPool_rev_primers,AGTTGGTGTAGGCCNNAGGAAGTTGGGT
positiveSel_Omicron_BA.1_oPool_fw_primers,CCTCCTGCCTACNNGAACTCCTTCACCA
positiveSel_Omicron_BA.1_oPool_rev_primers,TGGTGAAGGAGTTCNNGTAGGCAGGAGG
positiveSel_Omicron_BA.1_oPool_fw_primers,CCTCTGTGCTGNNGAGCACCCAGGA
positiveSel_Omicron_BA.1_oPool_rev_primers,TCCTGGGTGCTCNNCAGCACAGAGG
positiveSel_Omicron_BA.1_oPool_fw_primers,ACCTGGTTCCATNNGATCTCTGGCACCA
positiveSel_Omicron_BA.1_oPool_rev_primers,TGGTGCCAGAGATCNNATGGAACCAGGT
positiveSel_Omicron_BA.1_oPool_fw_primers,CTCTGGCACCAATNNGACCAAGAGGTTTGA
positiveSel_Omicron_BA.1_oPool_rev_primers,TCAAACCTCTTGGTCNNATTGGTGCCAGAG
positiveSel_Omicron_BA.1_oPool_fw_primers,GGCACCAATGGCNNGAAGAGGTTTGAC
positiveSel_Omicron_BA.1_oPool_rev_primers,GTCAAACCTCTTCNNGCCATTGGTGCC
positiveSel_Omicron_BA.1_oPool_fw_primers,ACCAAGAGGTTTNNGAACCCTGTGCTGC
positiveSel_Omicron_BA.1_oPool_rev_primers,GCAGCACAGGGTTCNNAAACCTCTTGGT
positiveSel_Omicron_BA.1_oPool_fw_primers,CTACTTTGCCAGCNNGGAGAAGAGCAACAT
positiveSel_Omicron_BA.1_oPool_rev_primers,ATGTTGCTCTTCTCCNNGCTGGCAAAGTAG
positiveSel_Omicron_BA.1_oPool_fw_primers,CAGCATCGAGAAGNNGAACATCATCAGGGG
positiveSel_Omicron_BA.1_oPool_rev_primers,CCCCTGATGATGTTCNNCTTCTCGATGCTG
positiveSel_Omicron_BA.1_oPool_fw_primers,TCCAGTTCTGTAATNNGCCATTCCTGGACCA
positiveSel_Omicron_BA.1_oPool_rev_primers,TGGTCCAGGAATGGCNNATTACAGAACTGGA
positiveSel_Omicron_BA.1_oPool_fw_primers,AATGACCCATTCCTGNNGCACAAGAACAACAAG
positiveSel_Omicron_BA.1_oPool_rev_primers,CTTGTTGTTCTTGTGCNNCAGGAATGGGTCATT
positiveSel_Omicron_BA.1_oPool_fw_primers,GATGGAGTCTGAGNNGAGGGTCTACTCCTC
positiveSel_Omicron_BA.1_oPool_rev_primers,GAGGAGTAGACCCTCNNCTCAGACTCCATC
positiveSel_Omicron_BA.1_oPool_fw_primers,GAGCCAACCATTCNNGATGGACTTGGAGG
positiveSel_Omicron_BA.1_oPool_rev_primers,CCTCCAAGTCCATCNNGAATGGTTGGCTC
positiveSel_Omicron_BA.1_oPool_fw_primers,CCATTCCTGATGNNGTTGGAGGGCAAG
positiveSel_Omicron_BA.1_oPool_rev_primers,CTTGCCCTCCAACNNCATCAGGAATGG
positiveSel_Omicron_BA.1_oPool_fw_primers,GGGAGCCCGAGNNGCTGCCACAGGG
positiveSel_Omicron_BA.1_oPool_rev_primers,CCCTGTGGCAGCNNCTCGGGCTCCC
positiveSel_Omicron_BA.1_oPool_fw_primers,CAGGGCTTCTCTNNGTTGGAACCACTGG
positiveSel_Omicron_BA.1_oPool_rev_primers,CCAGTGGTTCCAACNNAGAGAAGCCCTG
positiveSel_Omicron_BA.1_oPool_fw_primers,TGACACCTGGANNGTCCTCCTCTGGC
positiveSel_Omicron_BA.1_oPool_rev_primers,GCCAGAGGAGGACNNTCCAGGTGTCA
positiveSel_Omicron_BA.1_oPool_fw_primers,CACCTGGAGACNNGTCCTCTGGCTG
positiveSel_Omicron_BA.1_oPool_rev_primers,CAGCCAGAGGACNNGTCTCCAGGTG
positiveSel_Omicron_BA.1_oPool_fw_primers,CTGGAGACTCCNNGTCTGGCTGGACA
positiveSel_Omicron_BA.1_oPool_rev_primers,TGTCCAGCCAGACNNGGAGTCTCCAG
positiveSel_Omicron_BA.1_oPool_fw_primers,GACTCCTCCTCTNNGTGGACAGCAGGAG
positiveSel_Omicron_BA.1_oPool_rev_primers,CTCCTGCTGTCCACNNAGAGGAGGAGTC
positiveSel_Omicron_BA.1_oPool_fw_primers,GCTGGACAGCANNGGCAGCAGCCTA
positiveSel_Omicron_BA.1_oPool_rev_primers,TAGGCTGCTGCCNNTGCTGTCCAGC
positiveSel_Omicron_BA.1_oPool_fw_primers,TGGACAGCAGGANNGGCAGCCTACTATG
positiveSel_Omicron_BA.1_oPool_rev_primers,CATAGTAGGCTGCCNNTCCTGCTGTCCA
positiveSel_Omicron_BA.1_oPool_fw_primers,CTGAAATCCTTCNNGGTGGAGAAGGGCA
positiveSel_Omicron_BA.1_oPool_rev_primers,TGCCCTTCTCCACCNNGAAGGATTTCAG
positiveSel_Omicron_BA.1_oPool_fw_primers,TGTTATGGAGTGAGCNNGACCAAACTGAATGAC
positiveSel_Omicron_BA.1_oPool_rev_primers,GTCATTCAGTTTGGTCNNGCTCACTCCATAACA
positiveSel_Omicron_BA.1_oPool_fw_primers,CTGGACAAACAGGCNNGATTGCTGACTACAA
positiveSel_Omicron_BA.1_oPool_rev_primers,TTGTAGTCAGCAATCNNGCCTGTTTGTCCAG
positiveSel_Omicron_BA.1_oPool_fw_primers,CCTGGAACAGCNNGAAGCTGGACAG
positiveSel_Omicron_BA.1_oPool_rev_primers,CTGTCCAGCTTCNNGCTGTTCCAGG
positiveSel_Omicron_BA.1_oPool_fw_primers,GGAACAGCAACNNGCTGGACAGCAAG
positiveSel_Omicron_BA.1_oPool_rev_primers,CTTGCTGTCCAGCNNGTTGCTGTTCC
positiveSel_Omicron_BA.1_oPool_fw_primers,GGCAACTACAACTACNNGTACAGACTGTTCAGGA
positiveSel_Omicron_BA.1_oPool_rev_primers,TCCTGAACAGTCTGTACNNGTAGTTGTAGTTGCC
positiveSel_Omicron_BA.1_oPool_fw_primers,TTACCAGGCTGGCNNGAAGCCATGTAATG
positiveSel_Omicron_BA.1_oPool_rev_primers,CATTACATGGCTTCNNGCCAGCCTGGTAA
positiveSel_Omicron_BA.1_oPool_fw_primers,CCATGTAATGGAGTGNNGGGCTTCAACTGTTAC
positiveSel_Omicron_BA.1_oPool_rev_primers,GTAACAGTTGAAGCCCNNCACTCCATTACATGG
positiveSel_Omicron_BA.1_oPool_fw_primers,TCAGACCAACCNNGGGAGTGGGCCA
positiveSel_Omicron_BA.1_oPool_rev_primers,TGGCCCACTCCCNNGGTTGGTCTGA
positiveSel_Omicron_BA.1_oPool_fw_primers,TCCATGCCCCTNNGACAGTGTGTGG
positiveSel_Omicron_BA.1_oPool_rev_primers,CCACACACTGTCNNAGGGGCATGGA
positiveSel_Omicron_BA.1_oPool_fw_primers,GGCAGGGACATTNNGGACACCACAGATG
positiveSel_Omicron_BA.1_oPool_rev_primers,CATCTGTGGTGTCCNNAATGTCCCTGCC
positiveSel_Omicron_BA.1_oPool_fw_primers,GGACATTGCTGACNNGACAGATGCTGTGA
positiveSel_Omicron_BA.1_oPool_rev_primers,TCACAGCATCTGTCNNGTCAGCAATGTCC
positiveSel_Omicron_BA.1_oPool_fw_primers,CTGTGCTCTACCAGNNGGTGAACTGTACTGAG
positiveSel_Omicron_BA.1_oPool_rev_primers,CTCAGTACAGTTCACCNNCTGGTAGAGCACAG
positiveSel_Omicron_BA.1_oPool_fw_primers,ACTGAGGTGCCTNNGGCTATCCATGCT
positiveSel_Omicron_BA.1_oPool_rev_primers,AGCATGGATAGCCNNAGGCACCTCAGT
positiveSel_Omicron_BA.1_oPool_fw_primers,CTACAGCACAGGCNNGAATGTGTTCCAGA
positiveSel_Omicron_BA.1_oPool_rev_primers,TCTGGAACACATTCNNGCCTGTGCTGTAG
positiveSel_Omicron_BA.1_oPool_fw_primers,GCTGTCTGATTGGANNGGAGTACGTGAACAAC
positiveSel_Omicron_BA.1_oPool_rev_primers,GTTGTTCACGTACTCCNNTCCAATCAGACAGC
positiveSel_Omicron_BA.1_oPool_fw_primers,CTGATTGGAGCAGAGNNGGTGAACAACTCCTAT
positiveSel_Omicron_BA.1_oPool_rev_primers,ATAGGAGTTGTTCACCNNCTCTGCTCCAATCAG
positiveSel_Omicron_BA.1_oPool_fw_primers,TCCTACCAGACCNNGACCAAGAGCCAC
positiveSel_Omicron_BA.1_oPool_rev_primers,GTGGCTCTTGGTCNNGGTCTGGTAGGA
positiveSel_Omicron_BA.1_oPool_fw_primers,TACCAGACCCAGNNGAAGAGCCACAGG
positiveSel_Omicron_BA.1_oPool_rev_primers,CCTGTGGCTCTTCNNCTGGGTCTGGTA
positiveSel_Omicron_BA.1_oPool_fw_primers,AGACCCAGACCNNGAGCCACAGGAG
positiveSel_Omicron_BA.1_oPool_rev_primers,CTCCTGTGGCTCNNGGTCTGGGTCT
positiveSel_Omicron_BA.1_oPool_fw_primers,AGACCAAGAGCNNGAGGAGGGCAAG
positiveSel_Omicron_BA.1_oPool_rev_primers,CTTGCCCTCCTCNNGCTCTTGGTCT
positiveSel_Omicron_BA.1_oPool_fw_primers,CAAGGTCTGTGNNGAGCCAGAGCATC
positiveSel_Omicron_BA.1_oPool_rev_primers,GATGCTCTGGCTCNNCACAGACCTTG
positiveSel_Omicron_BA.1_oPool_fw_primers,AATGAGTCTGGGANNGGAGAACTCTGTGGC
positiveSel_Omicron_BA.1_oPool_rev_primers,GCCACAGAGTTCTCCNNTCCCAGACTCATT
positiveSel_Omicron_BA.1_oPool_fw_primers,CATTGCCATCCCANNGAACTTCACCATCTC
positiveSel_Omicron_BA.1_oPool_rev_primers,GAGATGGTGAAGTTCNNTGGGATGGCAATG
positiveSel_Omicron_BA.1_oPool_fw_primers,GAGGGCTCTGACANNGATTGCTGTGGAAC
positiveSel_Omicron_BA.1_oPool_rev_primers,GTTCCACAGCAATCNNTGTCAGAGCCCTC
positiveSel_Omicron_BA.1_oPool_fw_primers,CTGACAGGCATTNNGGTGGAACAGGACA
positiveSel_Omicron_BA.1_oPool_rev_primers,TGTCCTGTTCCACCNNAATGCCTGTCAG
positiveSel_Omicron_BA.1_oPool_fw_primers,CACCTCCAATCAAGNNGTTTGGAGGCTTCAA
positiveSel_Omicron_BA.1_oPool_rev_primers,TTGAAGCCTCCAAACNNCTTGATTGGAGGTG
positiveSel_Omicron_BA.1_oPool_fw_primers,CCAAGCAAGCCANNGAAGAGGTCCTTCA
positiveSel_Omicron_BA.1_oPool_rev_primers,TGAAGGACCTCTTCNNTGGCTTGCTTGG
positiveSel_Omicron_BA.1_oPool_fw_primers,TGGGAGACATTNNGGCCAGGGACCT
positiveSel_Omicron_BA.1_oPool_rev_primers,AGGTCCCTGGCCNNAATGTCTCCCA
positiveSel_Omicron_BA.1_oPool_fw_primers,GGGAGACATTGCTNNGAGGGACCTGATTTG
positiveSel_Omicron_BA.1_oPool_rev_primers,CAAATCAGGTCCCTCNNAGCAATGTCTCCC
positiveSel_Omicron_BA.1_oPool_fw_primers,TCAAGGGACTGNNGGTGCTGCCTCC
positiveSel_Omicron_BA.1_oPool_rev_primers,GGAGGCAGCACCNNCAGTCCCTTGA
positiveSel_Omicron_BA.1_oPool_fw_primers,GGCAAGATTCAGNNGTCCCTGTCCAGC
positiveSel_Omicron_BA.1_oPool_rev_primers,GCTGGACAGGGACNNCTGAATCTTGCC
positiveSel_Omicron_BA.1_oPool_fw_primers,AGGACTCCCTGNNGAGCACAGCCTC
positiveSel_Omicron_BA.1_oPool_rev_primers,GAGGCTGTGCTCNNCAGGGAGTCCT
positiveSel_Omicron_BA.1_oPool_fw_primers,CCAGCACAGCCNNGGCCCTGGGCAA
positiveSel_Omicron_BA.1_oPool_rev_primers,TTGCCCAGGGCCNNGGCTGTGCTGG
positiveSel_Omicron_BA.1_oPool_fw_primers,GGCAAACTCCAANNGGTGGTGAACCACA
positiveSel_Omicron_BA.1_oPool_rev_primers,TGTGGTTCACCACCNNTTGGAGTTTGCC
positiveSel_Omicron_BA.1_oPool_fw_primers,CTGAATGACATCTTCNNGAGACTGGACAAGGTG
positiveSel_Omicron_BA.1_oPool_rev_primers,CACCTTGTCCAGTCTCNNGAAGATGTCATTCAG
positiveSel_Omicron_BA.1_oPool_fw_primers,GCTGAGATTAGGNNGTCTGCCAACCTGG
positiveSel_Omicron_BA.1_oPool_rev_primers,CCAGGTTGGCAGACNNCCTAATCTCAGC
positiveSel_Omicron_BA.1_oPool_fw_primers,AACCTGGCTGCCNNGAAGATGAGTGAG
positiveSel_Omicron_BA.1_oPool_rev_primers,CTCACTCATCTTCNNGGCAGCCAGGTT
positiveSel_Omicron_BA.1_oPool_fw_primers,TGGAGTGGTGTTCNNGCATGTGACCTATG
positiveSel_Omicron_BA.1_oPool_rev_primers,CATAGGTCACATGCNNGAACACCACTCCA
positiveSel_Omicron_BA.1_oPool_fw_primers,CATGTGACCTATNNGCCTGCCCAGGAG
positiveSel_Omicron_BA.1_oPool_rev_primers,CTCCTGGGCAGGCNNATAGGTCACATG
positiveSel_Omicron_BA.1_oPool_fw_primers,ACTTCACCACANNGCCTGCCATCTGC
positiveSel_Omicron_BA.1_oPool_rev_primers,GCAGATGGCAGGCNNTGTGGTGAAGT
positiveSel_Omicron_BA.1_oPool_fw_primers,CCACAGATTATCACCNNGGACAACACCTTTGTG
positiveSel_Omicron_BA.1_oPool_rev_primers,CACAAAGGTGTTGTCCNNGGTGATAATCTGTGG
positiveSel_Omicron_BA.1_oPool_fw_primers,ACAGATTATCACCACANNGAACACCTTTGTGTCTG
positiveSel_Omicron_BA.1_oPool_rev_primers,CAGACACAAAGGTGTTCNNTGTGGTGATAATCTGT
positiveSel_Omicron_BA.1_oPool_fw_primers,ACACCAGCCCTNNGGTGGACCTGGG
positiveSel_Omicron_BA.1_oPool_rev_primers,CCCAGGTCCACCNNAGGGCTGGTGT
positiveSel_Omicron_BA.1_oPool_fw_primers,GATGTGGACCTGNNGGACATCTCTGGC
positiveSel_Omicron_BA.1_oPool_rev_primers,GCCAGAGATGTCCNNCAGGTCCACATC
positiveSel_Omicron_BA.1_oPool_fw_primers,GCATCAATGCCTCTNNGGTGAACATCCAGAA
positiveSel_Omicron_BA.1_oPool_rev_primers,TTCTGGATGTTCACCNNAGAGGCATTGATGC
positiveSel_Omicron_BA.1_oPool_fw_primers,TGAATGAGGTGGCTNNGAACCTGAATGAGTC
positiveSel_Omicron_BA.1_oPool_rev_primers,GACTCATTCAGGTTCNNAGCCACCTCATTCA
positiveSel_Omicron_BA.1_oPool_fw_primers,GTACATCTGGCTGNNGTTCATTGCTGGACT
positiveSel_Omicron_BA.1_oPool_rev_primers,AGTCCAGCAATGAACNNCAGCCAGATGTAC
positiveSel_Omicron_BA.1_oPool_fw_primers,CTGGACTGATTGCAATTNNGATGGTGACAATAATGCT
positiveSel_Omicron_BA.1_oPool_rev_primers,AGCATTATTGTCACCATCNNAATTGCAATCAGTCCAG
positiveSel_Omicron_BA.1_oPool_fw_primers,TTGTTCCTGTGGCNNGTGAtaatgaggcg
positiveSel_Omicron_BA.1_oPool_rev_primers,cgcctcattaTCACNNGCCACAGGAACAA
positiveSel_Omicron_BA.1_oPool_fw_primers,ACACACCAATCNNGGTGAGGGAGCC
positiveSel_Omicron_BA.1_oPool_rev_primers,GGCTCCCTCACCNNGATTGGTGTGT
positiveSel_Omicron_BA.1_oPool_fw_primers,TCATCGTGAGGNNGCCCGAGGACCT
positiveSel_Omicron_BA.1_oPool_rev_primers,AGGTCCTCGGGCNNCCTCACGATGA
positiveSel_Omicron_BA.1_oPool_fw_primers,TCGTGAGGGAGNNGGAGGACCTGCC
positiveSel_Omicron_BA.1_oPool_rev_primers,GGCAGGTCCTCCNNCTCCCTCACGA
positiveSel_Omicron_BA.1_oPool_fw_primers,TGAGGGAGCCCNNGGACCTGCCACA
positiveSel_Omicron_BA.1_oPool_rev_primers,TGTGGCAGGTCCNNGGGCTCCCTCA
positiveSel_Omicron_BA.1_oPool_fw_primers,ACCTGTGTCCATTTNNGGAGGTGTTCAATGC
positiveSel_Omicron_BA.1_oPool_rev_primers,GCATTGAACACCTCCNNAAATGGACACAGGT
positiveSel_Omicron_BA.1_oPool_fw_primers,GTGCTCTACAACNNGGCCCCCTTCTTC
positiveSel_Omicron_BA.1_oPool_rev_primers,GAAGAAGGGGGCCNNGTTGTAGAGCAC
positiveSel_Omicron_BA.1_oPool_fw_primers,CTACAACCTGGCCNNGTTCTTCACCTTCAA
positiveSel_Omicron_BA.1_oPool_rev_primers,TTGAAGGTGAAGAACNNGGCCAGGTTGTAG
positiveSel_Omicron_BA.1_oPool_fw_primers,TGGCCCCCTTCNNGACCTTCAAGTG
positiveSel_Omicron_BA.1_oPool_rev_primers,CACTTGAAGGTCNNGAAGGGGGCCA
positiveSel_Omicron_BA.1_oPool_fw_primers,GACAGCAAGGTGNNGGGCAACTACAACT
positiveSel_Omicron_BA.1_oPool_rev_primers,AGTTGTAGTTGCCCNNCACCTTGCTGTC
positiveSel_Omicron_BA.1_oPool_fw_primers,AGGCTGGCAACNNGCCATGTAATGGA
positiveSel_Omicron_BA.1_oPool_rev_primers,TCCATTACATGGCNNGTTGCCAGCCT
positiveSel_Omicron_BA.1_oPool_fw_primers,CTGTTACTTTCCACTCNNGTCCTATAGCTTCAGACC
positiveSel_Omicron_BA.1_oPool_rev_primers,GGTCTGAAGCTATAGGACNNGAGTGGAAAGTAACAG
positiveSel_Omicron_BA.1_oPool_fw_primers,CACTCCGCTCCTATNNGTTCAGACCAACCTA
positiveSel_Omicron_BA.1_oPool_rev_primers,TAGGTTGGTCTGAACNNATAGGAGCGGAGTG
positiveSel_Omicron_BA.1_oPool_fw_primers,CTCCTATAGCTTCNNGCCAACCTACGGAGT
positiveSel_Omicron_BA.1_oPool_rev_primers,ACTCCGTAGGTTGGCNNGAAGCTATAGGAG
positiveSel_Omicron_BA.1_oPool_fw_primers,ACGGAGTGGGCNNGCAACCATACAG
positiveSel_Omicron_BA.1_oPool_rev_primers,CTGTATGGTTGCNNGCCCACTCCGT
positiveSel_Omicron_BA.1_oPool_fw_primers,TTCAATGGACTGNNGGGCACAGGAGTG
positiveSel_Omicron_BA.1_oPool_rev_primers,CACTCCTGTGCCCNNCAGTCCATTGAA
positiveSel_Omicron_BA.1_oPool_fw_primers,CTGTACCCAACTTNNGAGGGCTCTGACAG
positiveSel_Omicron_BA.1_oPool_rev_primers,CTGTCAGAGCCCTCNNAAGTTGGGTACAG
positiveSel_Omicron_BA.1_oPool_fw_primers,GCCCAGAAGTTCNNGGGACTGACAGTG
positiveSel_Omicron_BA.1_oPool_rev_primers,CACTGTCAGTCCCNNGAACTTCTGGGC
positiveSel_Omicron_BA.1_oPool_fw_primers,GATGTGGTGAACNNGAATGCCCAGGCT
positiveSel_Omicron_BA.1_oPool_rev_primers,AGCCTGGGCATTCNNGTTCACCACATC
positiveSel_Omicron_BA.1_oPool_fw_primers,CAACTTTCCAGCNNGTTTGGAGCCATCT
positiveSel_Omicron_BA.1_oPool_rev_primers,AGATGGCTCCAAACNNGCTGGAAAGTTG
positiveSel_Omicron_BA.1_oPool_fw_primers,GCTGAATGACATCNNGAGCAGACTGGACAA
positiveSel_Omicron_BA.1_oPool_rev_primers,TTGTCCAGTCTGCTCNNGATGTCATTCAGC
positiveSel_Omicron_BA.1_oPool_fw_primers,TGTTTGTGTTCNNCGTGCTGCTGCC
positiveSel_Omicron_BA.1_oPool_rev_primers,GGCAGCAGCACGNNGAACACAAACA
positiveSel_Omicron_BA.1_oPool_fw_primers,TGCCACTGGTGNNCAGCCAGTGTGT
positiveSel_Omicron_BA.1_oPool_rev_primers,ACACACTGGCTGNNCACCAGTGGCA
positiveSel_Omicron_BA.1_oPool_fw_primers,CCACTGGTGTCCNNCCAGTGTGTGAAC
positiveSel_Omicron_BA.1_oPool_rev_primers,GTTCACACACTGGNNGGACACCAGTGG
positiveSel_Omicron_BA.1_oPool_fw_primers,CAGTGTGTGAACNNCACCACCAGGACC
positiveSel_Omicron_BA.1_oPool_rev_primers,GGTCCTGGTGGTGNNGTTCACACACTG
positiveSel_Omicron_BA.1_oPool_fw_primers,GTGTGAACCTGNNCACCAGGACCCAA
positiveSel_Omicron_BA.1_oPool_rev_primers,TTGGGTCCTGGTGNNCAGGTTCACAC
positiveSel_Omicron_BA.1_oPool_fw_primers,ACCCAACTTCCTNNCGCCTACACCAACT
positiveSel_Omicron_BA.1_oPool_rev_primers,AGTTGGTGTAGGCGNNAGGAAGTTGGGT
positiveSel_Omicron_BA.1_oPool_fw_primers,CCTCCTGCCTACNNCAACTCCTTCACCA
positiveSel_Omicron_BA.1_oPool_rev_primers,TGGTGAAGGAGTTGNNGTAGGCAGGAGG
positiveSel_Omicron_BA.1_oPool_fw_primers,CCTCTGTGCTGNNCAGCACCCAGGA
positiveSel_Omicron_BA.1_oPool_rev_primers,TCCTGGGTGCTGNNCAGCACAGAGG
positiveSel_Omicron_BA.1_oPool_fw_primers,ACCTGGTTCCATNNCATCTCTGGCACCA
positiveSel_Omicron_BA.1_oPool_rev_primers,TGGTGCCAGAGATGNNATGGAACCAGGT
positiveSel_Omicron_BA.1_oPool_fw_primers,CTCTGGCACCAATNNCACCAAGAGGTTTGA
positiveSel_Omicron_BA.1_oPool_rev_primers,TCAAACCTCTTGGTGNNATTGGTGCCAGAG
positiveSel_Omicron_BA.1_oPool_fw_primers,GGCACCAATGGCNNCAAGAGGTTTGAC
positiveSel_Omicron_BA.1_oPool_rev_primers,GTCAAACCTCTTGNNGCCATTGGTGCC
positiveSel_Omicron_BA.1_oPool_fw_primers,ACCAAGAGGTTTNNCAACCCTGTGCTGC
positiveSel_Omicron_BA.1_oPool_rev_primers,GCAGCACAGGGTTGNNAAACCTCTTGGT
positiveSel_Omicron_BA.1_oPool_fw_primers,CTACTTTGCCAGCNNCGAGAAGAGCAACAT
positiveSel_Omicron_BA.1_oPool_rev_primers,ATGTTGCTCTTCTCGNNGCTGGCAAAGTAG
positiveSel_Omicron_BA.1_oPool_fw_primers,CAGCATCGAGAAGNNCAACATCATCAGGGG
positiveSel_Omicron_BA.1_oPool_rev_primers,CCCCTGATGATGTTGNNCTTCTCGATGCTG
positiveSel_Omicron_BA.1_oPool_fw_primers,TTCCAGTTCTGTAATNNCCCATTCCTGGACCAC
positiveSel_Omicron_BA.1_oPool_rev_primers,GTGGTCCAGGAATGGGNNATTACAGAACTGGAA
positiveSel_Omicron_BA.1_oPool_fw_primers,AATGACCCATTCCTGNNCCACAAGAACAACAAG
positiveSel_Omicron_BA.1_oPool_rev_primers,CTTGTTGTTCTTGTGGNNCAGGAATGGGTCATT
positiveSel_Omicron_BA.1_oPool_fw_primers,GATGGAGTCTGAGNNCAGGGTCTACTCCTC
positiveSel_Omicron_BA.1_oPool_rev_primers,GAGGAGTAGACCCTGNNCTCAGACTCCATC
positiveSel_Omicron_BA.1_oPool_fw_primers,GAGCCAACCATTCNNCATGGACTTGGAGG
positiveSel_Omicron_BA.1_oPool_rev_primers,CCTCCAAGTCCATGNNGAATGGTTGGCTC
positiveSel_Omicron_BA.1_oPool_fw_primers,CCATTCCTGATGNNCTTGGAGGGCAAG
positiveSel_Omicron_BA.1_oPool_rev_primers,CTTGCCCTCCAAGNNCATCAGGAATGG
positiveSel_Omicron_BA.1_oPool_fw_primers,GGGAGCCCGAGNNCCTGCCACAGGG
positiveSel_Omicron_BA.1_oPool_rev_primers,CCCTGTGGCAGGNNCTCGGGCTCCC
positiveSel_Omicron_BA.1_oPool_fw_primers,CAGGGCTTCTCTNNCTTGGAACCACTGG
positiveSel_Omicron_BA.1_oPool_rev_primers,CCAGTGGTTCCAAGNNAGAGAAGCCCTG
positiveSel_Omicron_BA.1_oPool_fw_primers,TGACACCTGGANNCTCCTCCTCTGGC
positiveSel_Omicron_BA.1_oPool_rev_primers,GCCAGAGGAGGAGNNTCCAGGTGTCA
positiveSel_Omicron_BA.1_oPool_fw_primers,CACCTGGAGACNNCTCCTCTGGCTG
positiveSel_Omicron_BA.1_oPool_rev_primers,CAGCCAGAGGAGNNGTCTCCAGGTG
positiveSel_Omicron_BA.1_oPool_fw_primers,CTGGAGACTCCNNCTCTGGCTGGACA
positiveSel_Omicron_BA.1_oPool_rev_primers,TGTCCAGCCAGAGNNGGAGTCTCCAG
positiveSel_Omicron_BA.1_oPool_fw_primers,GACTCCTCCTCTNNCTGGACAGCAGGAG
positiveSel_Omicron_BA.1_oPool_rev_primers,CTCCTGCTGTCCAGNNAGAGGAGGAGTC
positiveSel_Omicron_BA.1_oPool_fw_primers,GCTGGACAGCANNCGCAGCAGCCTA
positiveSel_Omicron_BA.1_oPool_rev_primers,TAGGCTGCTGCGNNTGCTGTCCAGC
positiveSel_Omicron_BA.1_oPool_fw_primers,TGGACAGCAGGANNCGCAGCCTACTAT
positiveSel_Omicron_BA.1_oPool_rev_primers,ATAGTAGGCTGCGNNTCCTGCTGTCCA
positiveSel_Omicron_BA.1_oPool_fw_primers,CTGAAATCCTTCNNCGTGGAGAAGGGCA
positiveSel_Omicron_BA.1_oPool_rev_primers,TGCCCTTCTCCACGNNGAAGGATTTCAG
positiveSel_Omicron_BA.1_oPool_fw_primers,TGTTATGGAGTGAGCNNCACCAAACTGAATGAC
positiveSel_Omicron_BA.1_oPool_rev_primers,GTCATTCAGTTTGGTGNNGCTCACTCCATAACA
positiveSel_Omicron_BA.1_oPool_fw_primers,CTGGACAAACAGGCNNCATTGCTGACTACAA
positiveSel_Omicron_BA.1_oPool_rev_primers,TTGTAGTCAGCAATGNNGCCTGTTTGTCCAG
positiveSel_Omicron_BA.1_oPool_fw_primers,CCTGGAACAGCNNCAAGCTGGACAG
positiveSel_Omicron_BA.1_oPool_rev_primers,CTGTCCAGCTTGNNGCTGTTCCAGG
positiveSel_Omicron_BA.1_oPool_fw_primers,TGGAACAGCAACNNCCTGGACAGCAAG
positiveSel_Omicron_BA.1_oPool_rev_primers,CTTGCTGTCCAGGNNGTTGCTGTTCCA
positiveSel_Omicron_BA.1_oPool_fw_primers,GGCAACTACAACTACNNCTACAGACTGTTCAGGA
positiveSel_Omicron_BA.1_oPool_rev_primers,TCCTGAACAGTCTGTAGNNGTAGTTGTAGTTGCC
positiveSel_Omicron_BA.1_oPool_fw_primers,TTACCAGGCTGGCNNCAAGCCATGTAATG
positiveSel_Omicron_BA.1_oPool_rev_primers,CATTACATGGCTTGNNGCCAGCCTGGTAA
positiveSel_Omicron_BA.1_oPool_fw_primers,CATGTAATGGAGTGNNCGGCTTCAACTGTTAC
positiveSel_Omicron_BA.1_oPool_rev_primers,GTAACAGTTGAAGCCGNNCACTCCATTACATG
positiveSel_Omicron_BA.1_oPool_fw_primers,TCAGACCAACCNNCGGAGTGGGCCA
positiveSel_Omicron_BA.1_oPool_rev_primers,TGGCCCACTCCGNNGGTTGGTCTGA
positiveSel_Omicron_BA.1_oPool_fw_primers,TCCATGCCCCTNNCACAGTGTGTGG
positiveSel_Omicron_BA.1_oPool_rev_primers,CCACACACTGTGNNAGGGGCATGGA
positiveSel_Omicron_BA.1_oPool_fw_primers,GGCAGGGACATTNNCGACACCACAGATG
positiveSel_Omicron_BA.1_oPool_rev_primers,CATCTGTGGTGTCGNNAATGTCCCTGCC
positiveSel_Omicron_BA.1_oPool_fw_primers,GGACATTGCTGACNNCACAGATGCTGTGA
positiveSel_Omicron_BA.1_oPool_rev_primers,TCACAGCATCTGTGNNGTCAGCAATGTCC
positiveSel_Omicron_BA.1_oPool_fw_primers,TGTGCTCTACCAGNNCGTGAACTGTACTGA
positiveSel_Omicron_BA.1_oPool_rev_primers,TCAGTACAGTTCACGNNCTGGTAGAGCACA
positiveSel_Omicron_BA.1_oPool_fw_primers,CTGAGGTGCCTNNCGCTATCCATGCT
positiveSel_Omicron_BA.1_oPool_rev_primers,AGCATGGATAGCGNNAGGCACCTCAG
positiveSel_Omicron_BA.1_oPool_fw_primers,CTACAGCACAGGCNNCAATGTGTTCCAGA
positiveSel_Omicron_BA.1_oPool_rev_primers,TCTGGAACACATTGNNGCCTGTGCTGTAG
positiveSel_Omicron_BA.1_oPool_fw_primers,GCTGTCTGATTGGANNCGAGTACGTGAACAAC
positiveSel_Omicron_BA.1_oPool_rev_primers,GTTGTTCACGTACTCGNNTCCAATCAGACAGC
positiveSel_Omicron_BA.1_oPool_fw_primers,TGATTGGAGCAGAGNNCGTGAACAACTCCTAT
positiveSel_Omicron_BA.1_oPool_rev_primers,ATAGGAGTTGTTCACGNNCTCTGCTCCAATCA
positiveSel_Omicron_BA.1_oPool_fw_primers,TCCTACCAGACCNNCACCAAGAGCCAC
positiveSel_Omicron_BA.1_oPool_rev_primers,GTGGCTCTTGGTGNNGGTCTGGTAGGA
positiveSel_Omicron_BA.1_oPool_fw_primers,ACCAGACCCAGNNCAAGAGCCACAG
positiveSel_Omicron_BA.1_oPool_rev_primers,CTGTGGCTCTTGNNCTGGGTCTGGT
positiveSel_Omicron_BA.1_oPool_fw_primers,AGACCCAGACCNNCAGCCACAGGAG
positiveSel_Omicron_BA.1_oPool_rev_primers,CTCCTGTGGCTGNNGGTCTGGGTCT
positiveSel_Omicron_BA.1_oPool_fw_primers,AGACCAAGAGCNNCAGGAGGGCAAG
positiveSel_Omicron_BA.1_oPool_rev_primers,CTTGCCCTCCTGNNGCTCTTGGTCT
positiveSel_Omicron_BA.1_oPool_fw_primers,CAAGGTCTGTGNNCAGCCAGAGCATC
positiveSel_Omicron_BA.1_oPool_rev_primers,GATGCTCTGGCTGNNCACAGACCTTG
positiveSel_Omicron_BA.1_oPool_fw_primers,AATGAGTCTGGGANNCGAGAACTCTGTGG
positiveSel_Omicron_BA.1_oPool_rev_primers,CCACAGAGTTCTCGNNTCCCAGACTCATT
positiveSel_Omicron_BA.1_oPool_fw_primers,CATTGCCATCCCANNCAACTTCACCATCTC
positiveSel_Omicron_BA.1_oPool_rev_primers,GAGATGGTGAAGTTGNNTGGGATGGCAATG
positiveSel_Omicron_BA.1_oPool_fw_primers,AGGGCTCTGACANNCATTGCTGTGGAAC
positiveSel_Omicron_BA.1_oPool_rev_primers,GTTCCACAGCAATGNNTGTCAGAGCCCT
positiveSel_Omicron_BA.1_oPool_fw_primers,CTGACAGGCATTNNCGTGGAACAGGACA
positiveSel_Omicron_BA.1_oPool_rev_primers,TGTCCTGTTCCACGNNAATGCCTGTCAG
positiveSel_Omicron_BA.1_oPool_fw_primers,CACCTCCAATCAAGNNCTTTGGAGGCTTCAA
positiveSel_Omicron_BA.1_oPool_rev_primers,TTGAAGCCTCCAAAGNNCTTGATTGGAGGTG
positiveSel_Omicron_BA.1_oPool_fw_primers,CCAAGCAAGCCANNCAAGAGGTCCTTCA
positiveSel_Omicron_BA.1_oPool_rev_primers,TGAAGGACCTCTTGNNTGGCTTGCTTGG
positiveSel_Omicron_BA.1_oPool_fw_primers,TGGGAGACATTNNCGCCAGGGACCT
positiveSel_Omicron_BA.1_oPool_rev_primers,AGGTCCCTGGCGNNAATGTCTCCCA
positiveSel_Omicron_BA.1_oPool_fw_primers,GGGAGACATTGCTNNCAGGGACCTGATTTG
positiveSel_Omicron_BA.1_oPool_rev_primers,CAAATCAGGTCCCTGNNAGCAATGTCTCCC
positiveSel_Omicron_BA.1_oPool_fw_primers,TCAAGGGACTGNNCGTGCTGCCTCC
positiveSel_Omicron_BA.1_oPool_rev_primers,GGAGGCAGCACGNNCAGTCCCTTGA
positiveSel_Omicron_BA.1_oPool_fw_primers,GCAAGATTCAGNNCTCCCTGTCCAGC
positiveSel_Omicron_BA.1_oPool_rev_primers,GCTGGACAGGGAGNNCTGAATCTTGC
positiveSel_Omicron_BA.1_oPool_fw_primers,AGGACTCCCTGNNCAGCACAGCCTC
positiveSel_Omicron_BA.1_oPool_rev_primers,GAGGCTGTGCTGNNCAGGGAGTCCT
positiveSel_Omicron_BA.1_oPool_fw_primers,CCAGCACAGCCNNCGCCCTGGGCAA
positiveSel_Omicron_BA.1_oPool_rev_primers,TTGCCCAGGGCGNNGGCTGTGCTGG
positiveSel_Omicron_BA.1_oPool_fw_primers,GGCAAACTCCAANNCGTGGTGAACCAC
positiveSel_Omicron_BA.1_oPool_rev_primers,GTGGTTCACCACGNNTTGGAGTTTGCC
positiveSel_Omicron_BA.1_oPool_fw_primers,CTGAATGACATCTTCNNCAGACTGGACAAGGTG
positiveSel_Omicron_BA.1_oPool_rev_primers,CACCTTGTCCAGTCTGNNGAAGATGTCATTCAG
positiveSel_Omicron_BA.1_oPool_fw_primers,GCTGAGATTAGGNNCTCTGCCAACCTGG
positiveSel_Omicron_BA.1_oPool_rev_primers,CCAGGTTGGCAGAGNNCCTAATCTCAGC
positiveSel_Omicron_BA.1_oPool_fw_primers,AACCTGGCTGCCNNCAAGATGAGTGAG
positiveSel_Omicron_BA.1_oPool_rev_primers,CTCACTCATCTTGNNGGCAGCCAGGTT
positiveSel_Omicron_BA.1_oPool_fw_primers,ATGGAGTGGTGTTCNNCCATGTGACCTATGT
positiveSel_Omicron_BA.1_oPool_rev_primers,ACATAGGTCACATGGNNGAACACCACTCCAT
positiveSel_Omicron_BA.1_oPool_fw_primers,CATGTGACCTATNNCCCTGCCCAGGAGA
positiveSel_Omicron_BA.1_oPool_rev_primers,TCTCCTGGGCAGGGNNATAGGTCACATG
positiveSel_Omicron_BA.1_oPool_fw_primers,AACTTCACCACANNCCCTGCCATCTGC
positiveSel_Omicron_BA.1_oPool_rev_primers,GCAGATGGCAGGGNNTGTGGTGAAGTT
positiveSel_Omicron_BA.1_oPool_fw_primers,CCACAGATTATCACCNNCGACAACACCTTTGTG
positiveSel_Omicron_BA.1_oPool_rev_primers,CACAAAGGTGTTGTCGNNGGTGATAATCTGTGG
positiveSel_Omicron_BA.1_oPool_fw_primers,ACAGATTATCACCACANNCAACACCTTTGTGTCTG
positiveSel_Omicron_BA.1_oPool_rev_primers,CAGACACAAAGGTGTTGNNTGTGGTGATAATCTGT
positiveSel_Omicron_BA.1_oPool_fw_primers,ACACCAGCCCTNNCGTGGACCTGGG
positiveSel_Omicron_BA.1_oPool_rev_primers,CCCAGGTCCACGNNAGGGCTGGTGT
positiveSel_Omicron_BA.1_oPool_fw_primers,GATGTGGACCTGNNCGACATCTCTGGC
positiveSel_Omicron_BA.1_oPool_rev_primers,GCCAGAGATGTCGNNCAGGTCCACATC
positiveSel_Omicron_BA.1_oPool_fw_primers,GCATCAATGCCTCTNNCGTGAACATCCAGAA
positiveSel_Omicron_BA.1_oPool_rev_primers,TTCTGGATGTTCACGNNAGAGGCATTGATGC
positiveSel_Omicron_BA.1_oPool_fw_primers,TGAATGAGGTGGCTNNCAACCTGAATGAGTC
positiveSel_Omicron_BA.1_oPool_rev_primers,GACTCATTCAGGTTGNNAGCCACCTCATTCA
positiveSel_Omicron_BA.1_oPool_fw_primers,GTACATCTGGCTGNNCTTCATTGCTGGACT
positiveSel_Omicron_BA.1_oPool_rev_primers,AGTCCAGCAATGAAGNNCAGCCAGATGTAC
positiveSel_Omicron_BA.1_oPool_fw_primers,CTGGACTGATTGCAATTNNCATGGTGACAATAATGCT
positiveSel_Omicron_BA.1_oPool_rev_primers,AGCATTATTGTCACCATGNNAATTGCAATCAGTCCAG
positiveSel_Omicron_BA.1_oPool_fw_primers,TTGTTCCTGTGGCNNCTGAtaatgaggcg
positiveSel_Omicron_BA.1_oPool_rev_primers,cgcctcattaTCAGNNGCCACAGGAACAA
positiveSel_Omicron_BA.1_oPool_fw_primers,ACACACCAATCNNCGTGAGGGAGCC
positiveSel_Omicron_BA.1_oPool_rev_primers,GGCTCCCTCACGNNGATTGGTGTGT
positiveSel_Omicron_BA.1_oPool_fw_primers,TCATCGTGAGGNNCCCCGAGGACCT
positiveSel_Omicron_BA.1_oPool_rev_primers,AGGTCCTCGGGGNNCCTCACGATGA
positiveSel_Omicron_BA.1_oPool_fw_primers,TCGTGAGGGAGNNCGAGGACCTGCC
positiveSel_Omicron_BA.1_oPool_rev_primers,GGCAGGTCCTCGNNCTCCCTCACGA
positiveSel_Omicron_BA.1_oPool_fw_primers,TGAGGGAGCCCNNCGACCTGCCACA
positiveSel_Omicron_BA.1_oPool_rev_primers,TGTGGCAGGTCGNNGGGCTCCCTCA
positiveSel_Omicron_BA.1_oPool_fw_primers,ACCTGTGTCCATTTNNCGAGGTGTTCAATGC
positiveSel_Omicron_BA.1_oPool_rev_primers,GCATTGAACACCTCGNNAAATGGACACAGGT
positiveSel_Omicron_BA.1_oPool_fw_primers,GTGCTCTACAACNNCGCCCCCTTCTTC
positiveSel_Omicron_BA.1_oPool_rev_primers,GAAGAAGGGGGCGNNGTTGTAGAGCAC
positiveSel_Omicron_BA.1_oPool_fw_primers,TCTACAACCTGGCCNNCTTCTTCACCTTCAA
positiveSel_Omicron_BA.1_oPool_rev_primers,TTGAAGGTGAAGAAGNNGGCCAGGTTGTAGA
positiveSel_Omicron_BA.1_oPool_fw_primers,TGGCCCCCTTCNNCACCTTCAAGTG
positiveSel_Omicron_BA.1_oPool_rev_primers,CACTTGAAGGTGNNGAAGGGGGCCA
positiveSel_Omicron_BA.1_oPool_fw_primers,GACAGCAAGGTGNNCGGCAACTACAAC
positiveSel_Omicron_BA.1_oPool_rev_primers,GTTGTAGTTGCCGNNCACCTTGCTGTC
positiveSel_Omicron_BA.1_oPool_fw_primers,CAGGCTGGCAACNNCCCATGTAATGGAG
positiveSel_Omicron_BA.1_oPool_rev_primers,CTCCATTACATGGGNNGTTGCCAGCCTG
positiveSel_Omicron_BA.1_oPool_fw_primers,CTGTTACTTTCCACTCNNCTCCTATAGCTTCAGACC
positiveSel_Omicron_BA.1_oPool_rev_primers,GGTCTGAAGCTATAGGAGNNGAGTGGAAAGTAACAG
positiveSel_Omicron_BA.1_oPool_fw_primers,CACTCCGCTCCTATNNCTTCAGACCAACCTAC
positiveSel_Omicron_BA.1_oPool_rev_primers,GTAGGTTGGTCTGAAGNNATAGGAGCGGAGTG
positiveSel_Omicron_BA.1_oPool_fw_primers,CTCCTATAGCTTCNNCCCAACCTACGGAGT
positiveSel_Omicron_BA.1_oPool_rev_primers,ACTCCGTAGGTTGGGNNGAAGCTATAGGAG
positiveSel_Omicron_BA.1_oPool_fw_primers,ACGGAGTGGGCNNCCAACCATACAG
positiveSel_Omicron_BA.1_oPool_rev_primers,CTGTATGGTTGGNNGCCCACTCCGT
positiveSel_Omicron_BA.1_oPool_fw_primers,TTCAATGGACTGNNCGGCACAGGAGTG
positiveSel_Omicron_BA.1_oPool_rev_primers,CACTCCTGTGCCGNNCAGTCCATTGAA
positiveSel_Omicron_BA.1_oPool_fw_primers,CTGTACCCAACTTNNCAGGGCTCTGACAG
positiveSel_Omicron_BA.1_oPool_rev_primers,CTGTCAGAGCCCTGNNAAGTTGGGTACAG
positiveSel_Omicron_BA.1_oPool_fw_primers,GCCCAGAAGTTCNNCGGACTGACAGTG
positiveSel_Omicron_BA.1_oPool_rev_primers,CACTGTCAGTCCGNNGAACTTCTGGGC
positiveSel_Omicron_BA.1_oPool_fw_primers,GATGTGGTGAACNNCAATGCCCAGGCT
positiveSel_Omicron_BA.1_oPool_rev_primers,AGCCTGGGCATTGNNGTTCACCACATC
positiveSel_Omicron_BA.1_oPool_fw_primers,CAACTTTCCAGCNNCTTTGGAGCCATCT
positiveSel_Omicron_BA.1_oPool_rev_primers,AGATGGCTCCAAAGNNGCTGGAAAGTTG
positiveSel_Omicron_BA.1_oPool_fw_primers,GCTGAATGACATCNNCAGCAGACTGGACAA
positiveSel_Omicron_BA.1_oPool_rev_primers,TTGTCCAGTCTGCTGNNGATGTCATTCAGC
positiveSel_Omicron_BA.1_oPool_fw_primers,CCCTTCTTCNNGTTCAAGTGTTATGGAGTG
positiveSel_Omicron_BA.1_oPool_fw_primers,CCCTTCTTCNNCTTCAAGTGTTATGGAGTG
positiveSel_Omicron_BA.1_oPool_rev_primers,CACTCCATAACACTTGAACNNGAAGAAGGG
positiveSel_Omicron_BA.1_oPool_rev_primers,CACTCCATAACACTTGAAGNNGAAGAAGGG
positiveSel_Omicron_BA.1_oPool_fw_primers,GTGATTAGGGGANNGGAGGTGAGACAG
positiveSel_Omicron_BA.1_oPool_fw_primers,GTGATTAGGGGANNCGAGGTGAGACAG
positiveSel_Omicron_BA.1_oPool_rev_primers,CTGTCTCACCTCCNNTCCCCTAATCAC
positiveSel_Omicron_BA.1_oPool_rev_primers,CTGTCTCACCTCGNNTCCCCTAATCAC
positiveSel_Omicron_BA.1_oPool_fw_primers,GAGATGAGGTGNNGCAGATTGCCC
positiveSel_Omicron_BA.1_oPool_fw_primers,GAGATGAGGTCNNGCAGATTGCCC
positiveSel_Omicron_BA.1_oPool_rev_primers,GGGCAATCTGCNNCACCTCATCTC
positiveSel_Omicron_BA.1_oPool_rev_primers,GGGCAATCTGGNNCACCTCATCTC
