NNG_for_T376A,CCCTTCTTCNNGTTCAAGTGTTATGGAGTG
NNC_for_T376A,CCCTTCTTCNNCTTCAAGTGTTATGGAGTG
NNG_rev_T376A,CACTCCATAACACTTGAACNNGAAGAAGGG
NNC_rev_T376A,CACTCCATAACACTTGAAGNNGAAGAAGGG
NNG_for_D405N,GTGATTAGGGGANNGGAGGTGAGACAG
NNC_for_D405N,GTGATTAGGGGANNCGAGGTGAGACAG
NNG_rev_D405N,CTGTCTCACCTCCNNTCCCCTAATCAC
NNC_rev_D405N,CTGTCTCACCTCGNNTCCCCTAATCAC
NNG_for_R408S,GAGATGAGGTGNNGCAGATTGCCC
NNC_for_R408S,GAGATGAGGTCNNGCAGATTGCCC
NNG_rev_R408S,GGGCAATCTGCNNCACCTCATCTC
NNC_rev_R408S,GGGCAATCTGGNNCACCTCATCTC